<ImportExportXml version="9.2.22092.190" SolutionPackageVersion="9.2" languagecode="1033" generatedBy="CrmLive" xmlns:xsi="http://www.w3.org/2001/XMLSchema-instance">
  <SolutionManifest>
    <UniqueName>App4Hack</UniqueName>
    <LocalizedNames>
      <LocalizedName description="App4Hack" languagecode="1033" />
      <LocalizedName description="App4Hack" languagecode="1036" />
    </LocalizedNames>
    <Descriptions />
    <Version>1.0.0.15</Version>
    <Managed>1</Managed>
    <Publisher>
      <UniqueName>MicrosoftCSM</UniqueName>
      <LocalizedNames>
        <LocalizedName description="Microsoft CSM" languagecode="1033" />
        <LocalizedName description="Microsoft CSM" languagecode="1036" />
      </LocalizedNames>
      <Descriptions />
      <EMailAddress xsi:nil="true"></EMailAddress>
      <SupportingWebsiteUrl xsi:nil="true"></SupportingWebsiteUrl>
      <CustomizationPrefix>csm</CustomizationPrefix>
      <CustomizationOptionValuePrefix>77037</CustomizationOptionValuePrefix>
      <Addresses>
        <Address>
          <AddressNumber>1</AddressNumber>
          <AddressTypeCode>1</AddressTypeCode>
          <City xsi:nil="true"></City>
          <County xsi:nil="true"></County>
          <Country xsi:nil="true"></Country>
          <Fax xsi:nil="true"></Fax>
          <FreightTermsCode xsi:nil="true"></FreightTermsCode>
          <ImportSequenceNumber xsi:nil="true"></ImportSequenceNumber>
          <Latitude xsi:nil="true"></Latitude>
          <Line1 xsi:nil="true"></Line1>
          <Line2 xsi:nil="true"></Line2>
          <Line3 xsi:nil="true"></Line3>
          <Longitude xsi:nil="true"></Longitude>
          <Name xsi:nil="true"></Name>
          <PostalCode xsi:nil="true"></PostalCode>
          <PostOfficeBox xsi:nil="true"></PostOfficeBox>
          <PrimaryContactName xsi:nil="true"></PrimaryContactName>
          <ShippingMethodCode>1</ShippingMethodCode>
          <StateOrProvince xsi:nil="true"></StateOrProvince>
          <Telephone1 xsi:nil="true"></Telephone1>
          <Telephone2 xsi:nil="true"></Telephone2>
          <Telephone3 xsi:nil="true"></Telephone3>
          <TimeZoneRuleVersionNumber xsi:nil="true"></TimeZoneRuleVersionNumber>
          <UPSZone xsi:nil="true"></UPSZone>
          <UTCOffset xsi:nil="true"></UTCOffset>
          <UTCConversionTimeZoneCode xsi:nil="true"></UTCConversionTimeZoneCode>
        </Address>
        <Address>
          <AddressNumber>2</AddressNumber>
          <AddressTypeCode>1</AddressTypeCode>
          <City xsi:nil="true"></City>
          <County xsi:nil="true"></County>
          <Country xsi:nil="true"></Country>
          <Fax xsi:nil="true"></Fax>
          <FreightTermsCode xsi:nil="true"></FreightTermsCode>
          <ImportSequenceNumber xsi:nil="true"></ImportSequenceNumber>
          <Latitude xsi:nil="true"></Latitude>
          <Line1 xsi:nil="true"></Line1>
          <Line2 xsi:nil="true"></Line2>
          <Line3 xsi:nil="true"></Line3>
          <Longitude xsi:nil="true"></Longitude>
          <Name xsi:nil="true"></Name>
          <PostalCode xsi:nil="true"></PostalCode>
          <PostOfficeBox xsi:nil="true"></PostOfficeBox>
          <PrimaryContactName xsi:nil="true"></PrimaryContactName>
          <ShippingMethodCode>1</ShippingMethodCode>
          <StateOrProvince xsi:nil="true"></StateOrProvince>
          <Telephone1 xsi:nil="true"></Telephone1>
          <Telephone2 xsi:nil="true"></Telephone2>
          <Telephone3 xsi:nil="true"></Telephone3>
          <TimeZoneRuleVersionNumber xsi:nil="true"></TimeZoneRuleVersionNumber>
          <UPSZone xsi:nil="true"></UPSZone>
          <UTCOffset xsi:nil="true"></UTCOffset>
          <UTCConversionTimeZoneCode xsi:nil="true"></UTCConversionTimeZoneCode>
        </Address>
      </Addresses>
    </Publisher>
    <RootComponents>
      <RootComponent type="1" schemaName="csm_hackathon" behavior="0" />
      <RootComponent type="1" schemaName="csm_hackattendee" behavior="0" />
      <RootComponent type="1" schemaName="csm_hackevaluation" behavior="0" />
      <RootComponent type="1" schemaName="csm_hackevaluationcriteria" behavior="0" />
      <RootComponent type="1" schemaName="csm_hackjury" behavior="0" />
      <RootComponent type="1" schemaName="csm_hackteam" behavior="0" />
      <RootComponent type="9" schemaName="csm_skilllevel" behavior="0" />
      <RootComponent type="29" id="{2b1d4e3e-872c-ed11-9db1-00224805d0d0}" behavior="0" />
      <RootComponent type="29" id="{ba61721b-f11e-ed11-b83e-6045bd009f5e}" behavior="0" />
      <RootComponent type="62" schemaName="csm_App4HackAdmin" behavior="0" />
      <RootComponent type="80" schemaName="csm_App4HackAdmin" behavior="0" />
      <RootComponent type="300" schemaName="csm_app4hack_85588" behavior="0" />
      <RootComponent type="300" schemaName="csm_juryevaluation_363c6" behavior="0" />
      <RootComponent type="431" schemaName="csm_hackathon csm_hacklogo" behavior="0" />
      <RootComponent type="431" schemaName="csm_hackattendee csm_photo" behavior="0" />
      <RootComponent type="431" schemaName="csm_hackjury csm_photo" behavior="0" />
      <RootComponent type="432" schemaName="csm_hackathon" behavior="0" />
      <RootComponent type="432" schemaName="csm_hackattendee" behavior="0" />
      <RootComponent type="432" schemaName="csm_hackjury" behavior="0" />
    </RootComponents>
    <MissingDependencies>
      <MissingDependency>
        <Required type="61" schemaName="msdyn_/Images/AppModule_Default_Icon.png" displayName="msdyn_/Images/AppModule_Default_Icon.png" solution="AppModuleWebResources (2.5)" />
        <Dependent type="80" schemaName="csm_App4HackAdmin" displayName="App4Hack Admin" />
      </MissingDependency>
      <MissingDependency>
        <Required type="66" schemaName="cat_PowerCAT.CommandBar" displayName="cat_PowerCAT.CommandBar" solution="CreatorKitCore (1.0.20220729.1)" />
        <Dependent type="300" schemaName="csm_app4hack_85588" displayName="App4Hack" />
      </MissingDependency>
      <MissingDependency>
        <Required type="66" schemaName="cat_PowerCAT.Elevation" displayName="cat_PowerCAT.Elevation" solution="CreatorKitCore (1.0.20220729.1)" />
        <Dependent type="300" schemaName="csm_app4hack_85588" displayName="App4Hack" />
      </MissingDependency>
      <MissingDependency>
        <Required type="66" schemaName="cat_PowerCAT.FluentDetailsList" displayName="cat_PowerCAT.FluentDetailsList" solution="CreatorKitCore (1.0.20220729.1)" />
        <Dependent type="300" schemaName="csm_app4hack_85588" displayName="App4Hack" />
      </MissingDependency>
    </MissingDependencies>
  </SolutionManifest>
</ImportExportXml>