{
  "properties": {
    "connectionReferences": {
      "shared_commondataserviceforapps_1": {
        "runtimeSource": "embedded",
        "connection": {
          "connectionReferenceLogicalName": "csm_sharedcommondataserviceforapps_0d3dc"
        },
        "api": {
          "name": "shared_commondataserviceforapps"
        }
      }
    },
    "definition": {
      "$schema": "https://schema.management.azure.com/providers/Microsoft.Logic/schemas/2016-06-01/workflowdefinition.json#",
      "contentVersion": "1.0.0.0",
      "parameters": {
        "$connections": {
          "defaultValue": {},
          "type": "Object"
        },
        "$authentication": {
          "defaultValue": {},
          "type": "SecureObject"
        }
      },
      "triggers": {
        "manual": {
          "metadata": {
            "operationMetadataId": "53fff422-67a7-4399-b011-5c6668c5cdf7"
          },
          "type": "Request",
          "kind": "PowerApp",
          "inputs": {
            "schema": {
              "type": "object",
              "properties": {
                "Hackathon_Valeur": {
                  "type": "string",
                  "description": "Entrer la valeur initiale",
                  "x-ms-powerflows-param-ispartial": false
                }
              },
              "required": [
                "Hackathon_Valeur"
              ]
            }
          }
        }
      },
      "actions": {
        "Teams": {
          "runAfter": {
            "Hackathon": [
              "Succeeded"
            ]
          },
          "metadata": {
            "operationMetadataId": "500fb51a-85c5-4bd3-bac1-d18a56e71bfe"
          },
          "type": "OpenApiConnection",
          "inputs": {
            "host": {
              "connectionName": "shared_commondataserviceforapps_1",
              "operationId": "ListRecords",
              "apiId": "/providers/Microsoft.PowerApps/apis/shared_commondataserviceforapps"
            },
            "parameters": {
              "entityName": "csm_hackteams",
              "$filter": "_csm_hackathon_value eq @{variables('Hackathon')}"
            },
            "authentication": {
              "type": "Raw",
              "value": "@json(decodeBase64(triggerOutputs().headers['X-MS-APIM-Tokens']))['$ConnectionKey']"
            }
          }
        },
        "Jury": {
          "runAfter": {
            "Teams": [
              "Succeeded"
            ]
          },
          "metadata": {
            "operationMetadataId": "39132188-e303-4618-bc1a-cad348f10afa"
          },
          "type": "OpenApiConnection",
          "inputs": {
            "host": {
              "connectionName": "shared_commondataserviceforapps_1",
              "operationId": "ListRecords",
              "apiId": "/providers/Microsoft.PowerApps/apis/shared_commondataserviceforapps"
            },
            "parameters": {
              "entityName": "csm_hackjuries",
              "$filter": "_csm_hackathon_value eq @{variables('Hackathon')}"
            },
            "authentication": {
              "type": "Raw",
              "value": "@json(decodeBase64(triggerOutputs().headers['X-MS-APIM-Tokens']))['$ConnectionKey']"
            }
          }
        },
        "Criteria": {
          "runAfter": {
            "Jury": [
              "Succeeded"
            ]
          },
          "metadata": {
            "operationMetadataId": "4997d4b3-5820-447a-ab91-8d5e6b4a3945"
          },
          "type": "OpenApiConnection",
          "inputs": {
            "host": {
              "connectionName": "shared_commondataserviceforapps_1",
              "operationId": "ListRecords",
              "apiId": "/providers/Microsoft.PowerApps/apis/shared_commondataserviceforapps"
            },
            "parameters": {
              "entityName": "csm_hackevaluationcriterias",
              "$filter": "_csm_hackathon_value eq @{variables('Hackathon')}"
            },
            "authentication": {
              "type": "Raw",
              "value": "@json(decodeBase64(triggerOutputs().headers['X-MS-APIM-Tokens']))['$ConnectionKey']"
            }
          }
        },
        "Appliquer_à_chacun_criteria": {
          "foreach": "@outputs('Criteria')?['body/value']",
          "actions": {
            "Appliquer_à_chacun_2": {
              "foreach": "@outputs('Jury')?['body/value']",
              "actions": {
                "Appliquer_à_chacun_3": {
                  "foreach": "@outputs('Teams')?['body/value']",
                  "actions": {
                    "Ajouter_une_nouvelle_ligne": {
                      "runAfter": {},
                      "metadata": {
                        "operationMetadataId": "149561a2-2d65-4d04-8b8e-367ba41946e3"
                      },
                      "type": "OpenApiConnection",
                      "inputs": {
                        "host": {
                          "connectionName": "shared_commondataserviceforapps_1",
                          "operationId": "CreateRecord",
                          "apiId": "/providers/Microsoft.PowerApps/apis/shared_commondataserviceforapps"
                        },
                        "parameters": {
                          "entityName": "csm_hackevaluations",
                          "item/csm_Criteria@odata.bind": "csm_hackevaluationcriterias(@{items('Appliquer_à_chacun_criteria')?['csm_hackevaluationcriteriaid']})",
                          "item/csm_HackTeam@odata.bind": "csm_hackteams(@{items('Appliquer_à_chacun_3')?['csm_hackteamid']})",
                          "item/csm_name": "Hack",
                          "item/csm_Hackathon@odata.bind": "csm_hackathons(@{variables('Hackathon')})",
                          "item/csm_Jury@odata.bind": "csm_hackjuries(@{items('Appliquer_à_chacun_2')?['csm_hackjuryid']})"
                        },
                        "authentication": {
                          "type": "Raw",
                          "value": "@json(decodeBase64(triggerOutputs().headers['X-MS-APIM-Tokens']))['$ConnectionKey']"
                        }
                      }
                    }
                  },
                  "runAfter": {},
                  "metadata": {
                    "operationMetadataId": "1ce1b2b2-76f0-41e0-80f6-51b9940d1018"
                  },
                  "type": "Foreach"
                }
              },
              "runAfter": {},
              "metadata": {
                "operationMetadataId": "0c4f7ea4-6989-4e1f-92df-504e72439fc3"
              },
              "type": "Foreach"
            }
          },
          "runAfter": {
            "Criteria": [
              "Succeeded"
            ]
          },
          "metadata": {
            "operationMetadataId": "85b350d1-512f-49b0-9cd2-bd2416b1c9fe"
          },
          "type": "Foreach"
        },
        "Hackathon": {
          "runAfter": {},
          "metadata": {
            "operationMetadataId": "0a976042-ea08-486d-a447-5a14fc016a98"
          },
          "type": "InitializeVariable",
          "inputs": {
            "variables": [
              {
                "name": "Hackathon",
                "type": "string",
                "value": "@{triggerBody()['Hackathon_Valeur']}"
              }
            ]
          }
        }
      }
    }
  },
  "schemaVersion": "1.0.0.0"
}