{
  "properties": {
    "connectionReferences": {
      "shared_commondataserviceforapps": {
        "runtimeSource": "embedded",
        "connection": {
          "connectionReferenceLogicalName": "csm_sharedcommondataserviceforapps_e5ba4"
        },
        "api": {
          "name": "shared_commondataserviceforapps"
        }
      }
    },
    "definition": {
      "$schema": "https://schema.management.azure.com/providers/Microsoft.Logic/schemas/2016-06-01/workflowdefinition.json#",
      "contentVersion": "1.0.0.0",
      "parameters": {
        "$connections": {
          "defaultValue": {},
          "type": "Object"
        },
        "$authentication": {
          "defaultValue": {},
          "type": "SecureObject"
        }
      },
      "triggers": {
        "manual": {
          "metadata": {
            "operationMetadataId": "f1d9caec-fdf7-42a5-99f2-f62f5be28126"
          },
          "type": "Request",
          "kind": "PowerApp",
          "inputs": {
            "schema": {
              "type": "object",
              "properties": {
                "Hackathon_Valeur": {
                  "type": "string",
                  "description": "Entrer la valeur initiale",
                  "x-ms-powerflows-param-ispartial": false
                }
              },
              "required": [
                "Hackathon_Valeur"
              ]
            }
          }
        }
      },
      "actions": {
        "Hackathon": {
          "runAfter": {},
          "metadata": {
            "operationMetadataId": "e594ace8-ab5e-41c6-8fd9-039ba364facd"
          },
          "type": "InitializeVariable",
          "inputs": {
            "variables": [
              {
                "name": "Hackathon",
                "type": "string",
                "value": "@{triggerBody()['Hackathon_Valeur']}"
              }
            ]
          }
        },
        "Lister_les_lignes": {
          "runAfter": {
            "Hackathon": [
              "Succeeded"
            ]
          },
          "metadata": {
            "operationMetadataId": "b7ef940a-1706-45af-af5f-886280152b75"
          },
          "type": "OpenApiConnection",
          "inputs": {
            "host": {
              "connectionName": "shared_commondataserviceforapps",
              "operationId": "ListRecords",
              "apiId": "/providers/Microsoft.PowerApps/apis/shared_commondataserviceforapps"
            },
            "parameters": {
              "entityName": "csm_hackevaluations",
              "$filter": "_csm_hackathon_value eq @{variables('Hackathon')}"
            },
            "authentication": {
              "type": "Raw",
              "value": "@json(decodeBase64(triggerOutputs().headers['X-MS-APIM-Tokens']))['$ConnectionKey']"
            }
          }
        },
        "Appliquer_à_chacun": {
          "foreach": "@outputs('Lister_les_lignes')?['body/value']",
          "actions": {
            "Supprimer_une_ligne": {
              "runAfter": {},
              "metadata": {
                "operationMetadataId": "9f2546f4-0fd1-426b-a8eb-961f2d868620"
              },
              "type": "OpenApiConnection",
              "inputs": {
                "host": {
                  "connectionName": "shared_commondataserviceforapps",
                  "operationId": "DeleteRecord",
                  "apiId": "/providers/Microsoft.PowerApps/apis/shared_commondataserviceforapps"
                },
                "parameters": {
                  "entityName": "csm_hackevaluations",
                  "recordId": "@items('Appliquer_à_chacun')?['csm_hackevaluationid']"
                },
                "authentication": {
                  "type": "Raw",
                  "value": "@json(decodeBase64(triggerOutputs().headers['X-MS-APIM-Tokens']))['$ConnectionKey']"
                }
              }
            }
          },
          "runAfter": {
            "Lister_les_lignes": [
              "Succeeded"
            ]
          },
          "metadata": {
            "operationMetadataId": "e07cc087-1c7d-45d4-9e69-6041039e52ef"
          },
          "type": "Foreach"
        }
      }
    }
  },
  "schemaVersion": "1.0.0.0"
}